date,student,category,amount
2024-07-01,Aarav,Food,117.02
2024-07-01,Aarav,Clothing,30.64
2024-07-01,Aarav,Stationery,26.57
2024-07-01,Priya,Food,136.4
2024-07-01,Priya,Utilities,18.12
2024-07-01,Priya,Entertainment,27.4
2024-07-01,Rohan,Utilities,13.24
2024-07-01,Sneha,Medical,10
2024-07-01,Sneha,Clothing,10.59
2024-07-01,Sneha,Utilities,18.43
2024-07-01,Vikram,Clothing,23.77
2024-07-01,Vikram,Food,104.89
2024-07-02,Aarav,Stationery,27.02
2024-07-02,Aarav,Clothing,51.08
2024-07-02,Priya,Food,102.92
2024-07-02,Priya,Clothing,31.95
2024-07-02,Rohan,Utilities,18.56
2024-07-02,Rohan,Stationery,12.43
2024-07-02,Sneha,Food,81.05
2024-07-02,Sneha,Entertainment,21.63
2024-07-02,Sneha,Clothing,10
2024-07-02,Vikram,Transport,26.52
2024-07-02,Vikram,Medical,14.6
2024-07-02,Vikram,Food,120.75
2024-07-03,Aarav,Food,129.74
2024-07-03,Aarav,Transport,32.72
2024-07-03,Priya,Medical,13.26
2024-07-03,Priya,Stationery,24.0
2024-07-03,Rohan,Stationery,17.63
2024-07-03,Rohan,Medical,10
2024-07-03,Rohan,Food,115.1
2024-07-03,Sneha,Stationery,17.04
2024-07-03,Sneha,Medical,10
2024-07-03,Vikram,Clothing,14.64
2024-07-03,Vikram,Food,117.34
2024-07-04,Aarav,Entertainment,28.78
2024-07-04,Aarav,Stationery,30.11
2024-07-04,Priya,Medical,15.95
2024-07-04,Priya,Stationery,17.19
2024-07-04,Priya,Transport,31.68
2024-07-04,Rohan,Entertainment,35.47
2024-07-04,Rohan,Transport,52.71
2024-07-04,Rohan,Stationery,11.96
2024-07-04,Sneha,Utilities,15.33
2024-07-04,Sneha,Entertainment,10
2024-07-04,Vikram,Utilities,25.41
2024-07-05,Aarav,Food,124.07
2024-07-05,Aarav,Clothing,17.45
2024-07-05,Priya,Clothing,15.73
2024-07-05,Rohan,Entertainment,16.49
2024-07-05,Rohan,Utilities,20.76
2024-07-05,Sneha,Clothing,22.93
2024-07-05,Sneha,Food,106.34
2024-07-05,Sneha,Medical,10
2024-07-05,Vikram,Clothing,17.37
2024-07-05,Vikram,Medical,14.69
2024-07-06,Aarav,Entertainment,40.0
2024-07-06,Priya,Stationery,20.16
2024-07-06,Priya,Utilities,15.09
2024-07-06,Priya,Transport,39.77
2024-07-06,Rohan,Stationery,17.77
2024-07-06,Rohan,Medical,10
2024-07-06,Rohan,Utilities,16.99
2024-07-06,Sneha,Food,91.84
2024-07-06,Sneha,Utilities,15.05
2024-07-06,Sneha,Stationery,20.17
2024-07-06,Vikram,Clothing,23.99
2024-07-06,Vikram,Stationery,23.7
2024-07-07,Aarav,Food,138.94
2024-07-07,Aarav,Clothing,10
2024-07-07,Aarav,Entertainment,22.44
2024-07-07,Priya,Entertainment,25.79
2024-07-07,Priya,Utilities,16.03
2024-07-07,Priya,Transport,60.2
2024-07-07,Rohan,Transport,40.51
2024-07-07,Rohan,Utilities,11.57
2024-07-07,Sneha,Stationery,14.41
2024-07-07,Sneha,Entertainment,30.48
2024-07-07,Sneha,Clothing,30.23
2024-07-07,Vikram,Food,126.5
2024-07-07,Vikram,Utilities,12.48
2024-07-08,Aarav,Food,107.81
2024-07-08,Priya,Medical,11.54
2024-07-08,Priya,Food,118.74
2024-07-08,Priya,Transport,34.18
2024-07-08,Rohan,Medical,17.01
2024-07-08,Rohan,Entertainment,27.66
2024-07-08,Sneha,Utilities,18.4
2024-07-08,Sneha,Entertainment,29.93
2024-07-08,Sneha,Transport,22.27
2024-07-08,Vikram,Food,134.09
2024-07-09,Aarav,Entertainment,31.73
2024-07-09,Aarav,Clothing,26.25
2024-07-09,Priya,Medical,10
2024-07-09,Priya,Food,101.76
2024-07-09,Priya,Clothing,30.31
2024-07-09,Rohan,Transport,44.45
2024-07-09,Sneha,Entertainment,36.31
2024-07-09,Vikram,Stationery,10.09
2024-07-10,Aarav,Entertainment,30.62
2024-07-10,Priya,Food,143.79
2024-07-10,Priya,Clothing,10
2024-07-10,Priya,Utilities,22.46
2024-07-10,Rohan,Entertainment,19.44
2024-07-10,Sneha,Entertainment,38.53
2024-07-10,Sneha,Transport,23.79
2024-07-10,Vikram,Entertainment,34.96
2024-07-11,Aarav,Stationery,20.07
2024-07-11,Aarav,Entertainment,22.22
2024-07-11,Priya,Medical,10
2024-07-11,Priya,Clothing,29.63
2024-07-11,Priya,Entertainment,32.44
2024-07-11,Rohan,Utilities,16.56
2024-07-11,Sneha,Food,109.6
2024-07-11,Sneha,Clothing,10
2024-07-11,Vikram,Transport,34.03
2024-07-11,Vikram,Food,127.9
2024-07-11,Vikram,Utilities,17.7
2024-07-12,Aarav,Food,77.45
2024-07-12,Aarav,Medical,19.03
2024-07-12,Aarav,Transport,28.09
2024-07-12,Priya,Utilities,14.81
2024-07-12,Rohan,Entertainment,20.75
2024-07-12,Sneha,Stationery,14.61
2024-07-12,Sneha,Transport,35.8
2024-07-12,Vikram,Entertainment,20.33
2024-07-12,Vikram,Transport,36.01
2024-07-13,Aarav,Clothing,13.41
2024-07-13,Aarav,Food,144.48
2024-07-13,Priya,Food,118.3
2024-07-13,Priya,Clothing,25.74
2024-07-13,Priya,Utilities,19.21
2024-07-13,Rohan,Food,108.67
2024-07-13,Rohan,Transport,44.28
2024-07-13,Sneha,Medical,22.03
2024-07-13,Sneha,Stationery,19.08
2024-07-13,Sneha,Utilities,11.8
2024-07-13,Vikram,Stationery,18.66
2024-07-13,Vikram,Medical,13.32
2024-07-13,Vikram,Food,112.65
2024-07-14,Aarav,Food,116.11
2024-07-14,Priya,Utilities,14.73
2024-07-14,Priya,Transport,38.64
2024-07-14,Rohan,Clothing,14.52
2024-07-14,Rohan,Stationery,10
2024-07-14,Rohan,Utilities,17.19
2024-07-14,Sneha,Food,91.67
2024-07-14,Vikram,Food,88.57
2024-07-15,Aarav,Clothing,16.56
2024-07-15,Aarav,Transport,34.09
2024-07-15,Priya,Entertainment,22.9
2024-07-15,Priya,Utilities,16.06
2024-07-15,Priya,Clothing,42.56
2024-07-15,Rohan,Utilities,14.94
2024-07-15,Sneha,Clothing,11.82
2024-07-15,Vikram,Transport,49.29
2024-07-15,Vikram,Food,101.34
2024-07-16,Aarav,Stationery,30.0
2024-07-16,Priya,Medical,10.01
2024-07-16,Rohan,Clothing,29.54
2024-07-16,Rohan,Entertainment,26.6
2024-07-16,Rohan,Utilities,10
2024-07-16,Sneha,Clothing,35.83
2024-07-16,Vikram,Entertainment,39.41
2024-07-17,Aarav,Transport,39.24
2024-07-17,Priya,Clothing,11.39
2024-07-17,Priya,Medical,17.99
2024-07-17,Rohan,Transport,26.24
2024-07-17,Rohan,Medical,20.52
2024-07-17,Sneha,Transport,52.74
2024-07-17,Sneha,Clothing,29.35
2024-07-17,Vikram,Clothing,10
2024-07-17,Vikram,Transport,42.49
2024-07-18,Aarav,Stationery,27.24
2024-07-18,Aarav,Clothing,46.25
2024-07-18,Priya,Stationery,10.17
2024-07-18,Priya,Medical,10
2024-07-18,Rohan,Stationery,19.55
2024-07-18,Rohan,Food,127.81
2024-07-18,Rohan,Medical,10
2024-07-18,Sneha,Stationery,16.22
2024-07-18,Sneha,Food,106.16
2024-07-18,Sneha,Medical,11.62
2024-07-18,Vikram,Food,95.81
2024-07-18,Vikram,Entertainment,27.59
2024-07-18,Vikram,Utilities,17.6
2024-07-19,Aarav,Food,138.87
2024-07-19,Aarav,Utilities,14.8
2024-07-19,Priya,Medical,10
2024-07-19,Priya,Clothing,27.16
2024-07-19,Priya,Transport,35.41
2024-07-19,Rohan,Medical,10
2024-07-19,Rohan,Food,113.47
2024-07-19,Sneha,Medical,10
2024-07-19,Sneha,Entertainment,20.73
2024-07-19,Vikram,Transport,53.72
2024-07-19,Vikram,Clothing,16.7
2024-07-19,Vikram,Entertainment,19.67
2024-07-20,Aarav,Transport,36.03
2024-07-20,Aarav,Utilities,20.65
2024-07-20,Aarav,Medical,15.48
2024-07-20,Priya,Clothing,23.36
2024-07-20,Priya,Utilities,14.36
2024-07-20,Rohan,Entertainment,22.1
2024-07-20,Rohan,Medical,11.71
2024-07-20,Sneha,Transport,51.03
2024-07-20,Sneha,Medical,10
2024-07-20,Sneha,Food,145.54
2024-07-20,Vikram,Stationery,18.34
2024-07-20,Vikram,Food,104.05
2024-07-20,Vikram,Transport,40.7
2024-07-21,Aarav,Entertainment,28.43
2024-07-21,Priya,Clothing,10
2024-07-21,Priya,Food,131.1
2024-07-21,Priya,Entertainment,31.07
2024-07-21,Rohan,Entertainment,38.76
2024-07-21,Rohan,Transport,49.15
2024-07-21,Sneha,Clothing,39.6
2024-07-21,Vikram,Transport,45.15
2024-07-21,Vikram,Clothing,10
2024-07-22,Aarav,Food,116.86
2024-07-22,Aarav,Utilities,23.14
2024-07-22,Priya,Transport,25.29
2024-07-22,Priya,Entertainment,10
2024-07-22,Rohan,Stationery,24.19
2024-07-22,Rohan,Entertainment,10.53
2024-07-22,Rohan,Utilities,10.16
2024-07-22,Sneha,Transport,49.68
2024-07-22,Sneha,Medical,14.7
2024-07-22,Vikram,Clothing,12.19
2024-07-23,Aarav,Stationery,17.2
2024-07-23,Aarav,Utilities,14.76
2024-07-23,Aarav,Entertainment,32.71
2024-07-23,Priya,Stationery,21.92
2024-07-23,Priya,Clothing,27.61
2024-07-23,Rohan,Transport,37.45
2024-07-23,Sneha,Medical,10
2024-07-23,Sneha,Transport,36.49
2024-07-23,Vikram,Stationery,18.25
2024-07-23,Vikram,Utilities,16.92
2024-07-24,Aarav,Entertainment,28.23
2024-07-24,Aarav,Utilities,16.45
2024-07-24,Priya,Entertainment,33.24
2024-07-24,Priya,Clothing,19.38
2024-07-24,Priya,Food,84.18
2024-07-24,Rohan,Utilities,21.15
2024-07-24,Rohan,Medical,10
2024-07-24,Sneha,Entertainment,11.79
2024-07-24,Vikram,Stationery,18.88
2024-07-25,Aarav,Medical,10.63
2024-07-25,Aarav,Clothing,29.71
2024-07-25,Priya,Transport,24.68
2024-07-25,Priya,Utilities,10
2024-07-25,Rohan,Utilities,15.12
2024-07-25,Rohan,Medical,16.09
2024-07-25,Rohan,Food,127.32
2024-07-25,Sneha,Transport,39.43
2024-07-25,Sneha,Food,134.44
2024-07-25,Vikram,Stationery,20.34
2024-07-25,Vikram,Clothing,10.35
2024-07-26,Aarav,Stationery,11.83
2024-07-26,Aarav,Food,122.84
2024-07-26,Priya,Stationery,20.3
2024-07-26,Rohan,Food,124.11
2024-07-26,Rohan,Clothing,24.18
2024-07-26,Rohan,Transport,41.93
2024-07-26,Sneha,Transport,50.44
2024-07-26,Vikram,Transport,50.6
2024-07-26,Vikram,Entertainment,27.2
2024-07-26,Vikram,Stationery,16.99
2024-07-27,Aarav,Medical,10.69
2024-07-27,Aarav,Clothing,15.48
2024-07-27,Aarav,Food,106.83
2024-07-27,Priya,Utilities,20.73
2024-07-27,Priya,Medical,15.42
2024-07-27,Rohan,Transport,34.7
2024-07-27,Rohan,Food,106.42
2024-07-27,Rohan,Utilities,12.31
2024-07-27,Sneha,Medical,11.83
2024-07-27,Vikram,Clothing,10
2024-07-27,Vikram,Food,120.43
2024-07-27,Vikram,Utilities,13.65
2024-07-28,Aarav,Medical,18.74
2024-07-28,Aarav,Stationery,23.03
2024-07-28,Priya,Clothing,10
2024-07-28,Rohan,Stationery,22.79
2024-07-28,Rohan,Medical,15.75
2024-07-28,Sneha,Entertainment,20.84
2024-07-28,Vikram,Medical,10
2024-07-29,Aarav,Clothing,20.7
2024-07-29,Aarav,Utilities,10.59
2024-07-29,Aarav,Entertainment,30.08
2024-07-29,Priya,Stationery,21.03
2024-07-29,Priya,Clothing,18.37
2024-07-29,Priya,Transport,45.5
2024-07-29,Rohan,Utilities,14.98
2024-07-29,Rohan,Clothing,17.4
2024-07-29,Sneha,Clothing,12.82
2024-07-29,Sneha,Stationery,21.43
2024-07-29,Vikram,Stationery,23.14
2024-07-29,Vikram,Clothing,38.47
2024-07-30,Aarav,Utilities,13.13
2024-07-30,Aarav,Food,103.71
2024-07-30,Priya,Medical,10
2024-07-30,Rohan,Entertainment,27.32
2024-07-30,Rohan,Utilities,11.57
2024-07-30,Sneha,Medical,10.79
2024-07-30,Sneha,Entertainment,23.12
2024-07-30,Sneha,Clothing,26.96
2024-07-30,Vikram,Medical,20.07
2024-07-30,Vikram,Utilities,13.79
2024-07-31,Aarav,Entertainment,34.43
2024-07-31,Aarav,Medical,10
2024-07-31,Priya,Stationery,18.55
2024-07-31,Priya,Clothing,23.27
2024-07-31,Rohan,Stationery,22.54
2024-07-31,Sneha,Medical,10
2024-07-31,Vikram,Transport,36.21
2024-08-01,Aarav,Medical,10
2024-08-01,Priya,Utilities,17.2
2024-08-01,Priya,Stationery,22.08
2024-08-01,Priya,Food,102.11
2024-08-01,Rohan,Transport,52.31
2024-08-01,Rohan,Stationery,20.55
2024-08-01,Sneha,Food,87.46
2024-08-01,Sneha,Clothing,16.55
2024-08-01,Vikram,Medical,15.25
2024-08-02,Aarav,Utilities,13.82
2024-08-02,Priya,Entertainment,21.71
2024-08-02,Priya,Clothing,26.44
2024-08-02,Rohan,Stationery,25.31
2024-08-02,Sneha,Entertainment,23.23
2024-08-02,Vikram,Food,112.1
2024-08-02,Vikram,Utilities,15.86
2024-08-03,Aarav,Clothing,12.86
2024-08-03,Priya,Food,110.12
2024-08-03,Rohan,Clothing,10
2024-08-03,Rohan,Entertainment,20.1
2024-08-03,Rohan,Utilities,17.19
2024-08-03,Sneha,Stationery,15.17
2024-08-03,Sneha,Utilities,19.51
2024-08-03,Vikram,Food,115.6
2024-08-03,Vikram,Utilities,18.82
2024-08-03,Vikram,Clothing,20.39
2024-08-04,Aarav,Stationery,18.44
2024-08-04,Priya,Utilities,15.02
2024-08-04,Rohan,Transport,50.94
2024-08-04,Sneha,Entertainment,26.82
2024-08-04,Sneha,Stationery,20.91
2024-08-04,Sneha,Food,147.79
2024-08-04,Vikram,Clothing,11.73
2024-08-04,Vikram,Entertainment,10
2024-08-04,Vikram,Food,123.26
2024-08-05,Aarav,Clothing,10
2024-08-05,Aarav,Transport,45.36
2024-08-05,Aarav,Entertainment,30.59
2024-08-05,Priya,Stationery,20.89
2024-08-05,Rohan,Clothing,18.78
2024-08-05,Sneha,Utilities,20.05
2024-08-05,Sneha,Medical,10
2024-08-05,Vikram,Food,105.01
2024-08-05,Vikram,Entertainment,14.69
2024-08-06,Aarav,Utilities,15.3
2024-08-06,Aarav,Clothing,23.55
2024-08-06,Priya,Entertainment,25.57
2024-08-06,Rohan,Food,89.58
2024-08-06,Sneha,Medical,14.49
2024-08-06,Vikram,Clothing,10
2024-08-07,Aarav,Clothing,45.03
2024-08-07,Aarav,Stationery,22.1
2024-08-07,Aarav,Utilities,11.91
2024-08-07,Priya,Transport,42.68
2024-08-07,Priya,Utilities,11.04
2024-08-07,Rohan,Entertainment,32.66
2024-08-07,Sneha,Entertainment,24.98
2024-08-07,Sneha,Stationery,22.12
2024-08-07,Vikram,Stationery,15.03
2024-08-08,Aarav,Entertainment,31.8
2024-08-08,Aarav,Utilities,13.89
2024-08-08,Aarav,Food,121.53
2024-08-08,Priya,Food,141.34
2024-08-08,Priya,Entertainment,14.99
2024-08-08,Rohan,Medical,15.06
2024-08-08,Sneha,Transport,31.85
2024-08-08,Vikram,Stationery,14.04
2024-08-08,Vikram,Utilities,12.67
2024-08-08,Vikram,Entertainment,29.69
2024-08-09,Aarav,Entertainment,36.74
2024-08-09,Aarav,Medical,10
2024-08-09,Priya,Utilities,16.74
2024-08-09,Priya,Transport,39.38
2024-08-09,Priya,Medical,11.03
2024-08-09,Rohan,Food,160.81
2024-08-09,Rohan,Transport,38.93
2024-08-09,Sneha,Food,128.26
2024-08-09,Sneha,Medical,10
2024-08-09,Vikram,Stationery,15.05
2024-08-09,Vikram,Utilities,18.6
2024-08-09,Vikram,Clothing,10
2024-08-10,Aarav,Entertainment,28.27
2024-08-10,Priya,Utilities,10
2024-08-10,Rohan,Stationery,19.47
2024-08-10,Sneha,Stationery,19.96
2024-08-10,Sneha,Utilities,16.9
2024-08-10,Vikram,Stationery,25.8
2024-08-10,Vikram,Utilities,16.64
2024-08-10,Vikram,Medical,14.93
2024-08-11,Aarav,Stationery,25.0
2024-08-11,Aarav,Utilities,16.93
2024-08-11,Priya,Clothing,10.4
2024-08-11,Priya,Transport,47.33
2024-08-11,Rohan,Transport,39.11
2024-08-11,Rohan,Entertainment,39.92
2024-08-11,Sneha,Clothing,29.3
2024-08-11,Sneha,Entertainment,41.4
2024-08-11,Sneha,Medical,10
2024-08-11,Vikram,Transport,58.19
2024-08-11,Vikram,Entertainment,42.07
2024-08-11,Vikram,Food,112.13
2024-08-12,Aarav,Food,124.67
2024-08-12,Aarav,Utilities,17.16
2024-08-12,Priya,Entertainment,25.88
2024-08-12,Rohan,Transport,41.54
2024-08-12,Rohan,Food,101.28
2024-08-12,Rohan,Entertainment,20.67
2024-08-12,Sneha,Clothing,13.95
2024-08-12,Vikram,Clothing,31.6
2024-08-12,Vikram,Medical,10
2024-08-13,Aarav,Medical,15.86
2024-08-13,Aarav,Clothing,13.31
2024-08-13,Priya,Food,119.57
2024-08-13,Priya,Utilities,21.71
2024-08-13,Priya,Clothing,21.1
2024-08-13,Rohan,Entertainment,32.49
2024-08-13,Sneha,Clothing,10
2024-08-13,Vikram,Transport,24.88
2024-08-13,Vikram,Medical,10
2024-08-14,Aarav,Clothing,26.41
2024-08-14,Aarav,Food,111.45
2024-08-14,Priya,Transport,49.34
2024-08-14,Rohan,Entertainment,28.3
2024-08-14,Rohan,Utilities,17.85
2024-08-14,Rohan,Transport,49.57
2024-08-14,Sneha,Entertainment,18.26
2024-08-14,Vikram,Transport,32.82
2024-08-14,Vikram,Clothing,12.06
2024-08-14,Vikram,Entertainment,17.76
2024-08-15,Aarav,Stationery,10.72
2024-08-15,Aarav,Medical,10
2024-08-15,Priya,Utilities,16.29
2024-08-15,Priya,Stationery,16.62
2024-08-15,Rohan,Entertainment,19.96
2024-08-15,Rohan,Stationery,21.55
2024-08-15,Sneha,Food,135.38
2024-08-15,Sneha,Transport,33.07
2024-08-15,Vikram,Medical,14.26
2024-08-15,Vikram,Stationery,29.32
2024-08-16,Aarav,Stationery,21.29
2024-08-16,Aarav,Food,88.81
2024-08-16,Priya,Food,104.42
2024-08-16,Priya,Utilities,20.25
2024-08-16,Priya,Entertainment,11.05
2024-08-16,Rohan,Utilities,17.42
2024-08-16,Sneha,Utilities,14.45
2024-08-16,Vikram,Medical,11.1
2024-08-16,Vikram,Clothing,10
2024-08-17,Aarav,Medical,17.68
2024-08-17,Priya,Stationery,24.03
2024-08-17,Rohan,Food,109.65
2024-08-17,Rohan,Utilities,17.99
2024-08-17,Sneha,Stationery,17.11
2024-08-17,Sneha,Medical,12.26
2024-08-17,Vikram,Stationery,28.06
2024-08-17,Vikram,Utilities,13.42
2024-08-17,Vikram,Medical,10
2024-08-18,Aarav,Clothing,48.19
2024-08-18,Aarav,Stationery,19.9
2024-08-18,Priya,Entertainment,19.09
2024-08-18,Rohan,Transport,40.19
2024-08-18,Sneha,Medical,10
2024-08-18,Sneha,Clothing,46.92
2024-08-18,Sneha,Entertainment,23.59
2024-08-18,Vikram,Food,141.38
2024-08-18,Vikram,Entertainment,27.57
2024-08-19,Aarav,Stationery,19.98
2024-08-19,Aarav,Medical,10
2024-08-19,Priya,Clothing,29.27
2024-08-19,Priya,Medical,10
2024-08-19,Rohan,Entertainment,43.76
2024-08-19,Sneha,Stationery,21.63
2024-08-19,Sneha,Utilities,13.83
2024-08-19,Sneha,Transport,28.63
2024-08-19,Vikram,Medical,10
2024-08-19,Vikram,Stationery,17.99
2024-08-20,Aarav,Food,108.86
2024-08-20,Priya,Transport,50.98
2024-08-20,Rohan,Transport,23.17
2024-08-20,Rohan,Entertainment,41.42
2024-08-20,Rohan,Medical,10
2024-08-20,Sneha,Medical,10
2024-08-20,Sneha,Clothing,37.96
2024-08-20,Sneha,Transport,30.38
2024-08-20,Vikram,Utilities,19.17
2024-08-20,Vikram,Entertainment,24.14
2024-08-21,Aarav,Stationery,16.55
2024-08-21,Aarav,Transport,42.5
2024-08-21,Aarav,Entertainment,11.42
2024-08-21,Priya,Utilities,23.79
2024-08-21,Priya,Medical,10
2024-08-21,Rohan,Food,132.3
2024-08-21,Sneha,Food,123.4
2024-08-21,Sneha,Medical,19.25
2024-08-21,Vikram,Food,120.09
2024-08-22,Aarav,Clothing,13.64
2024-08-22,Priya,Transport,41.86
2024-08-22,Priya,Food,130.12
2024-08-22,Priya,Utilities,18.7
2024-08-22,Rohan,Clothing,14.64
2024-08-22,Sneha,Food,141.52
2024-08-22,Sneha,Stationery,19.51
2024-08-22,Sneha,Transport,41.45
2024-08-22,Vikram,Transport,35.4
2024-08-23,Aarav,Stationery,20.92
2024-08-23,Priya,Food,102.39
2024-08-23,Priya,Transport,39.5
2024-08-23,Rohan,Utilities,18.39
2024-08-23,Rohan,Food,116.05
2024-08-23,Sneha,Utilities,12.88
2024-08-23,Sneha,Clothing,35.56
2024-08-23,Vikram,Food,131.65
2024-08-23,Vikram,Medical,10
2024-08-23,Vikram,Utilities,21.2
2024-08-24,Aarav,Food,155.44
2024-08-24,Priya,Medical,10
2024-08-24,Priya,Food,72.89
2024-08-24,Rohan,Food,119.35
2024-08-24,Sneha,Utilities,19.12
2024-08-24,Sneha,Transport,43.22
2024-08-24,Vikram,Utilities,13.37
2024-08-24,Vikram,Clothing,35.57
2024-08-24,Vikram,Stationery,18.35
2024-08-25,Aarav,Food,139.47
2024-08-25,Aarav,Medical,17.32
2024-08-25,Priya,Medical,16.4
2024-08-25,Priya,Transport,33.13
2024-08-25,Priya,Entertainment,28.47
2024-08-25,Rohan,Clothing,10
2024-08-25,Rohan,Entertainment,34.68
2024-08-25,Sneha,Entertainment,22.56
2024-08-25,Sneha,Stationery,15.83
2024-08-25,Vikram,Medical,12.2
2024-08-26,Aarav,Food,113.2
2024-08-26,Priya,Food,114.1
2024-08-26,Priya,Medical,10
2024-08-26,Rohan,Food,89.09
2024-08-26,Rohan,Utilities,14.79
2024-08-26,Rohan,Medical,10
2024-08-26,Sneha,Clothing,37.75
2024-08-26,Sneha,Medical,15.21
2024-08-26,Vikram,Stationery,21.31
2024-08-26,Vikram,Food,104.46
2024-08-27,Aarav,Entertainment,23.96
2024-08-27,Aarav,Transport,32.5
2024-08-27,Aarav,Food,137.28
2024-08-27,Priya,Clothing,21.63
2024-08-27,Rohan,Clothing,32.73
2024-08-27,Rohan,Utilities,22.75
2024-08-27,Sneha,Medical,10
2024-08-27,Sneha,Clothing,53.59
2024-08-27,Sneha,Utilities,17.93
2024-08-27,Vikram,Stationery,18.76
2024-08-27,Vikram,Food,150.21
2024-08-27,Vikram,Transport,48.19
2024-08-28,Aarav,Clothing,17.47
2024-08-28,Priya,Utilities,15.97
2024-08-28,Rohan,Medical,10
2024-08-28,Rohan,Food,116.33
2024-08-28,Rohan,Clothing,14.06
2024-08-28,Sneha,Entertainment,30.62
2024-08-28,Sneha,Stationery,23.61
2024-08-28,Vikram,Clothing,10
2024-08-28,Vikram,Utilities,12.74
2024-08-29,Aarav,Transport,40.09
2024-08-29,Priya,Stationery,18.4
2024-08-29,Rohan,Medical,10
2024-08-29,Rohan,Entertainment,27.48
2024-08-29,Sneha,Transport,48.0
2024-08-29,Sneha,Utilities,18.98
2024-08-29,Vikram,Medical,10
2024-08-29,Vikram,Clothing,14.32
2024-08-30,Aarav,Food,95.27
2024-08-30,Aarav,Transport,48.27
2024-08-30,Priya,Transport,37.81
2024-08-30,Rohan,Clothing,32.04
2024-08-30,Sneha,Stationery,24.28
2024-08-30,Sneha,Clothing,34.04
2024-08-30,Vikram,Transport,28.62
2024-08-30,Vikram,Clothing,37.55
2024-08-31,Aarav,Utilities,22.63
2024-08-31,Aarav,Medical,15.8
2024-08-31,Aarav,Stationery,20.94
2024-08-31,Priya,Clothing,24.01
2024-08-31,Rohan,Utilities,11.97
2024-08-31,Rohan,Entertainment,20.84
2024-08-31,Sneha,Stationery,10
2024-08-31,Sneha,Food,145.92
2024-08-31,Vikram,Clothing,37.34
2024-09-01,Aarav,Stationery,18.21
2024-09-01,Aarav,Food,125.02
2024-09-01,Aarav,Entertainment,21.51
2024-09-01,Priya,Entertainment,20.97
2024-09-01,Priya,Utilities,18.42
2024-09-01,Priya,Food,107.07
2024-09-01,Rohan,Food,131.9
2024-09-01,Sneha,Medical,10
2024-09-01,Sneha,Food,113.95
2024-09-01,Sneha,Utilities,13.52
2024-09-01,Vikram,Clothing,40.77
2024-09-01,Vikram,Transport,46.14
2024-09-01,Vikram,Medical,13.09
2024-09-02,Aarav,Utilities,19.89
2024-09-02,Priya,Transport,53.83
2024-09-02,Rohan,Entertainment,27.23
2024-09-02,Rohan,Clothing,10
2024-09-02,Rohan,Utilities,20.49
2024-09-02,Sneha,Utilities,14.7
2024-09-02,Sneha,Stationery,21.1
2024-09-02,Sneha,Medical,12.04
2024-09-02,Vikram,Medical,12.56
2024-09-02,Vikram,Stationery,13.59
2024-09-03,Aarav,Utilities,15.31
2024-09-03,Aarav,Food,137.04
2024-09-03,Priya,Stationery,20.98
2024-09-03,Rohan,Utilities,15.51
2024-09-03,Sneha,Utilities,10
2024-09-03,Sneha,Entertainment,16.66
2024-09-03,Sneha,Medical,10
2024-09-03,Vikram,Medical,10
2024-09-03,Vikram,Transport,30.68
2024-09-03,Vikram,Stationery,16.38
2024-09-04,Aarav,Entertainment,40.87
2024-09-04,Priya,Medical,18.65
2024-09-04,Priya,Food,104.36
2024-09-04,Rohan,Medical,10
2024-09-04,Sneha,Entertainment,21.82
2024-09-04,Sneha,Utilities,16.39
2024-09-04,Vikram,Stationery,16.18
2024-09-04,Vikram,Entertainment,30.77
2024-09-05,Aarav,Food,124.83
2024-09-05,Aarav,Medical,11.2
2024-09-05,Aarav,Stationery,18.22
2024-09-05,Priya,Clothing,13.52
2024-09-05,Priya,Medical,14.2
2024-09-05,Priya,Utilities,14.52
2024-09-05,Rohan,Medical,10
2024-09-05,Rohan,Transport,53.58
2024-09-05,Rohan,Stationery,18.62
2024-09-05,Sneha,Food,107.72
2024-09-05,Sneha,Stationery,13.67
2024-09-05,Sneha,Utilities,20.8
2024-09-05,Vikram,Medical,10
2024-09-06,Aarav,Utilities,10
2024-09-06,Aarav,Food,112.84
2024-09-06,Aarav,Entertainment,26.58
2024-09-06,Priya,Transport,30.71
2024-09-06,Priya,Clothing,42.39
2024-09-06,Rohan,Transport,45.8
2024-09-06,Sneha,Clothing,23.33
2024-09-06,Sneha,Food,91.78
2024-09-06,Vikram,Utilities,16.47
2024-09-06,Vikram,Food,136.46
2024-09-06,Vikram,Stationery,15.14
2024-09-07,Aarav,Entertainment,32.06
2024-09-07,Aarav,Transport,53.94
2024-09-07,Aarav,Medical,10
2024-09-07,Priya,Entertainment,13.97
2024-09-07,Priya,Food,95.68
2024-09-07,Priya,Clothing,39.34
2024-09-07,Rohan,Utilities,16.75
2024-09-07,Rohan,Stationery,11.25
2024-09-07,Sneha,Utilities,17.26
2024-09-07,Vikram,Clothing,57.87
2024-09-07,Vikram,Transport,23.64
2024-09-08,Aarav,Entertainment,41.58
2024-09-08,Aarav,Stationery,21.04
2024-09-08,Priya,Transport,28.36
2024-09-08,Priya,Clothing,25.64
2024-09-08,Rohan,Food,106.31
2024-09-08,Rohan,Medical,10
2024-09-08,Sneha,Medical,10.78
2024-09-08,Vikram,Clothing,30.15
2024-09-08,Vikram,Food,122.61
2024-09-08,Vikram,Stationery,14.3
2024-09-09,Aarav,Food,124.18
2024-09-09,Aarav,Transport,48.46
2024-09-09,Priya,Entertainment,10.85
2024-09-09,Rohan,Entertainment,20.56
2024-09-09,Sneha,Stationery,19.95
2024-09-09,Vikram,Food,112.85
2024-09-10,Aarav,Medical,12.77
2024-09-10,Aarav,Stationery,22.67
2024-09-10,Aarav,Transport,46.26
2024-09-10,Priya,Medical,10.42
2024-09-10,Priya,Transport,28.76
2024-09-10,Rohan,Food,115.25
2024-09-10,Rohan,Clothing,48.63
2024-09-10,Rohan,Medical,10
2024-09-10,Sneha,Entertainment,22.61
2024-09-10,Sneha,Food,117.46
2024-09-10,Sneha,Stationery,22.54
2024-09-10,Vikram,Entertainment,19.19
2024-09-11,Aarav,Food,95.27
2024-09-11,Priya,Utilities,20.66
2024-09-11,Priya,Clothing,24.99
2024-09-11,Rohan,Medical,14.38
2024-09-11,Sneha,Stationery,24.15
2024-09-11,Sneha,Transport,27.21
2024-09-11,Sneha,Utilities,19.13
2024-09-11,Vikram,Utilities,17.9
2024-09-12,Aarav,Utilities,16.47
2024-09-12,Aarav,Clothing,10.83
2024-09-12,Aarav,Medical,10
2024-09-12,Priya,Food,102.01
2024-09-12,Priya,Medical,14.2
2024-09-12,Rohan,Food,98.43
2024-09-12,Rohan,Stationery,26.73
2024-09-12,Rohan,Clothing,10
2024-09-12,Sneha,Clothing,10
2024-09-12,Sneha,Stationery,26.04
2024-09-12,Sneha,Transport,43.46
2024-09-12,Vikram,Transport,51.33
2024-09-12,Vikram,Medical,10
2024-09-12,Vikram,Entertainment,28.52
2024-09-13,Aarav,Clothing,29.87
2024-09-13,Aarav,Entertainment,25.99
2024-09-13,Aarav,Food,122.43
2024-09-13,Priya,Food,109.76
2024-09-13,Rohan,Clothing,33.86
2024-09-13,Rohan,Utilities,15.77
2024-09-13,Sneha,Transport,40.45
2024-09-13,Sneha,Stationery,21.01
2024-09-13,Sneha,Medical,10
2024-09-13,Vikram,Stationery,21.63
2024-09-13,Vikram,Clothing,10
2024-09-13,Vikram,Food,99.25
2024-09-14,Aarav,Stationery,23.16
2024-09-14,Aarav,Transport,28.27
2024-09-14,Priya,Stationery,20.14
2024-09-14,Priya,Food,140.56
2024-09-14,Priya,Entertainment,32.05
2024-09-14,Rohan,Utilities,16.25
2024-09-14,Sneha,Medical,12.99
2024-09-14,Sneha,Stationery,17.64
2024-09-14,Vikram,Transport,52.74
2024-09-14,Vikram,Medical,10
2024-09-15,Aarav,Clothing,28.34
2024-09-15,Aarav,Stationery,24.01
2024-09-15,Aarav,Utilities,16.64
2024-09-15,Priya,Food,106.96
2024-09-15,Rohan,Clothing,11.36
2024-09-15,Rohan,Medical,13.54
2024-09-15,Rohan,Transport,38.38
2024-09-15,Sneha,Medical,13.43
2024-09-15,Sneha,Entertainment,31.02
2024-09-15,Sneha,Food,105.06
2024-09-15,Vikram,Food,101.67
2024-09-15,Vikram,Utilities,13.16
2024-09-15,Vikram,Transport,18.0
2024-09-16,Aarav,Entertainment,17.52
2024-09-16,Aarav,Food,105.67
2024-09-16,Priya,Stationery,17.72
2024-09-16,Priya,Medical,26.67
2024-09-16,Rohan,Medical,13.15
2024-09-16,Sneha,Food,138.9
2024-09-16,Sneha,Stationery,19.01
2024-09-16,Sneha,Medical,10
2024-09-16,Vikram,Stationery,20.83
2024-09-16,Vikram,Medical,13.43
2024-09-16,Vikram,Entertainment,31.25
2024-09-17,Aarav,Entertainment,28.97
2024-09-17,Aarav,Food,101.14
2024-09-17,Aarav,Stationery,13.16
2024-09-17,Priya,Utilities,19.79
2024-09-17,Priya,Stationery,13.66
2024-09-17,Priya,Medical,18.53
2024-09-17,Rohan,Utilities,14.57
2024-09-17,Rohan,Transport,44.84
2024-09-17,Sneha,Transport,44.63
2024-09-17,Vikram,Food,98.57
2024-09-17,Vikram,Stationery,18.4
2024-09-18,Aarav,Transport,49.23
2024-09-18,Aarav,Utilities,18.02
2024-09-18,Aarav,Food,111.96
2024-09-18,Priya,Clothing,10
2024-09-18,Priya,Entertainment,28.12
2024-09-18,Rohan,Medical,10
2024-09-18,Rohan,Food,87.95
2024-09-18,Sneha,Transport,44.67
2024-09-18,Sneha,Utilities,15.32
2024-09-18,Vikram,Entertainment,22.6
2024-09-19,Aarav,Clothing,12.05
2024-09-19,Aarav,Food,114.73
2024-09-19,Aarav,Medical,18.18
2024-09-19,Priya,Stationery,29.94
2024-09-19,Rohan,Stationery,24.14
2024-09-19,Rohan,Food,163.9
2024-09-19,Rohan,Clothing,20.48
2024-09-19,Sneha,Utilities,21.28
2024-09-19,Sneha,Food,99.73
2024-09-19,Sneha,Clothing,10
2024-09-19,Vikram,Transport,37.5
2024-09-19,Vikram,Clothing,10
2024-09-19,Vikram,Utilities,19.02
2024-09-20,Aarav,Food,95.14
2024-09-20,Priya,Medical,10.69
2024-09-20,Rohan,Clothing,12.97
2024-09-20,Sneha,Entertainment,14.96
2024-09-20,Sneha,Utilities,16.72
2024-09-20,Sneha,Food,104.31
2024-09-20,Vikram,Transport,64.28
2024-09-20,Vikram,Medical,10
2024-09-21,Aarav,Food,128.9
2024-09-21,Aarav,Transport,30.36
2024-09-21,Aarav,Entertainment,31.38
2024-09-21,Priya,Utilities,14.63
2024-09-21,Priya,Transport,54.7
2024-09-21,Rohan,Clothing,32.07
2024-09-21,Rohan,Stationery,23.52
2024-09-21,Rohan,Entertainment,19.9
2024-09-21,Sneha,Food,110.04
2024-09-21,Sneha,Stationery,17.38
2024-09-21,Vikram,Stationery,20.86
2024-09-22,Aarav,Clothing,10
2024-09-22,Aarav,Utilities,20.87
2024-09-22,Priya,Clothing,15.15
2024-09-22,Rohan,Transport,51.61
2024-09-22,Rohan,Clothing,10
2024-09-22,Sneha,Stationery,20.07
2024-09-22,Sneha,Entertainment,46.54
2024-09-22,Vikram,Entertainment,29.58
2024-09-22,Vikram,Transport,37.26
2024-09-22,Vikram,Medical,10
2024-09-23,Aarav,Entertainment,35.64
2024-09-23,Aarav,Utilities,13.39
2024-09-23,Priya,Stationery,22.38
2024-09-23,Priya,Utilities,16.75
2024-09-23,Rohan,Stationery,18.8
2024-09-23,Sneha,Food,83.03
2024-09-23,Sneha,Entertainment,36.82
2024-09-23,Vikram,Utilities,18.02
2024-09-23,Vikram,Stationery,25.3
2024-09-24,Aarav,Stationery,22.64
2024-09-24,Aarav,Utilities,23.32
2024-09-24,Aarav,Medical,22.3
2024-09-24,Priya,Stationery,15.54
2024-09-24,Priya,Clothing,18.81
2024-09-24,Rohan,Transport,31.9
2024-09-24,Sneha,Food,104.51
2024-09-24,Vikram,Transport,35.91
2024-09-25,Aarav,Entertainment,12.01
2024-09-25,Aarav,Transport,44.3
2024-09-25,Aarav,Utilities,15.53
2024-09-25,Priya,Stationery,28.18
2024-09-25,Priya,Transport,39.03
2024-09-25,Priya,Entertainment,24.37
2024-09-25,Rohan,Utilities,19.54
2024-09-25,Rohan,Entertainment,21.95
2024-09-25,Rohan,Clothing,46.67
2024-09-25,Sneha,Stationery,24.01
2024-09-25,Sneha,Medical,14.4
2024-09-25,Vikram,Clothing,36.37
2024-09-25,Vikram,Medical,10
2024-09-26,Aarav,Entertainment,14.9
2024-09-26,Aarav,Stationery,16.25
2024-09-26,Aarav,Utilities,14.9
2024-09-26,Priya,Medical,10
2024-09-26,Priya,Utilities,19.68
2024-09-26,Priya,Entertainment,36.75
2024-09-26,Rohan,Utilities,18.19
2024-09-26,Sneha,Entertainment,25.38
2024-09-26,Vikram,Entertainment,21.86
2024-09-26,Vikram,Transport,43.51
2024-09-27,Aarav,Clothing,38.5
2024-09-27,Aarav,Utilities,12.77
2024-09-27,Aarav,Entertainment,30.87
2024-09-27,Priya,Utilities,17.36
2024-09-27,Rohan,Medical,10
2024-09-27,Rohan,Entertainment,25.51
2024-09-27,Sneha,Entertainment,33.16
2024-09-27,Vikram,Medical,10
2024-09-27,Vikram,Clothing,13.19
2024-09-28,Aarav,Utilities,11.21
2024-09-28,Aarav,Entertainment,28.89
2024-09-28,Priya,Stationery,23.52
2024-09-28,Priya,Transport,42.07
2024-09-28,Priya,Clothing,10
2024-09-28,Rohan,Medical,10
2024-09-28,Rohan,Entertainment,28.02
2024-09-28,Rohan,Stationery,27.33
2024-09-28,Sneha,Food,103.87
2024-09-28,Sneha,Utilities,15.22
2024-09-28,Vikram,Clothing,11.66
2024-09-28,Vikram,Stationery,28.67
2024-09-29,Aarav,Food,106.5
2024-09-29,Aarav,Stationery,21.95
2024-09-29,Priya,Medical,10
2024-09-29,Priya,Stationery,19.94
2024-09-29,Rohan,Stationery,16.53
2024-09-29,Rohan,Utilities,19.67
2024-09-29,Rohan,Clothing,37.34
2024-09-29,Sneha,Transport,34.06
2024-09-29,Sneha,Clothing,10
2024-09-29,Sneha,Food,112.42
2024-09-29,Vikram,Stationery,18.75
2024-09-29,Vikram,Medical,10
2024-09-30,Aarav,Food,121.88
2024-09-30,Priya,Transport,33.4
2024-09-30,Priya,Entertainment,27.45
2024-09-30,Priya,Medical,15.72
2024-09-30,Rohan,Food,112.71
2024-09-30,Rohan,Clothing,25.77
2024-09-30,Rohan,Utilities,22.09
2024-09-30,Sneha,Transport,23.42
2024-09-30,Vikram,Clothing,35.88
2024-10-01,Aarav,Clothing,31.97
2024-10-01,Aarav,Entertainment,39.43
2024-10-01,Priya,Food,108.53
2024-10-01,Priya,Clothing,40.62
2024-10-01,Rohan,Stationery,26.25
2024-10-01,Rohan,Entertainment,25.95
2024-10-01,Sneha,Transport,33.59
2024-10-01,Sneha,Utilities,17.1
2024-10-01,Vikram,Stationery,22.9
2024-10-02,Aarav,Medical,16.3
2024-10-02,Aarav,Transport,49.03
2024-10-02,Priya,Utilities,16.93
2024-10-02,Priya,Medical,10.19
2024-10-02,Rohan,Entertainment,21.5
2024-10-02,Rohan,Clothing,16.99
2024-10-02,Rohan,Utilities,19.64
2024-10-02,Sneha,Transport,51.32
2024-10-02,Vikram,Food,114.05
2024-10-03,Aarav,Entertainment,20.46
2024-10-03,Aarav,Transport,42.59
2024-10-03,Priya,Stationery,19.87
2024-10-03,Priya,Utilities,16.17
2024-10-03,Rohan,Stationery,22.32
2024-10-03,Rohan,Medical,11.27
2024-10-03,Rohan,Transport,36.44
2024-10-03,Sneha,Medical,16.37
2024-10-03,Sneha,Stationery,12.35
2024-10-03,Sneha,Food,80.29
2024-10-03,Vikram,Utilities,17.01
2024-10-03,Vikram,Transport,45.25
2024-10-04,Aarav,Entertainment,26.5
2024-10-04,Priya,Medical,10
2024-10-04,Priya,Utilities,21.46
2024-10-04,Rohan,Clothing,11.64
2024-10-04,Rohan,Transport,34.3
2024-10-04,Rohan,Medical,10
2024-10-04,Sneha,Utilities,11.76
2024-10-04,Vikram,Utilities,18.37
2024-10-05,Aarav,Food,137.18
2024-10-05,Priya,Utilities,10.33
2024-10-05,Rohan,Transport,46.59
2024-10-05,Rohan,Clothing,11.93
2024-10-05,Rohan,Stationery,16.63
2024-10-05,Sneha,Food,87.89
2024-10-05,Sneha,Utilities,15.6
2024-10-05,Vikram,Utilities,17.05
2024-10-06,Aarav,Entertainment,35.35
2024-10-06,Aarav,Utilities,17.98
2024-10-06,Priya,Medical,10
2024-10-06,Priya,Food,139.06
2024-10-06,Rohan,Transport,48.82
2024-10-06,Rohan,Utilities,17.53
2024-10-06,Rohan,Food,175.7
2024-10-06,Sneha,Entertainment,37.08
2024-10-06,Vikram,Stationery,12.81
2024-10-07,Aarav,Medical,16.18
2024-10-07,Aarav,Clothing,10
2024-10-07,Aarav,Entertainment,39.12
2024-10-07,Priya,Clothing,10
2024-10-07,Priya,Entertainment,35.56
2024-10-07,Rohan,Clothing,16.31
2024-10-07,Rohan,Utilities,14.13
2024-10-07,Rohan,Transport,45.39
2024-10-07,Sneha,Transport,51.18
2024-10-07,Sneha,Medical,15.69
2024-10-07,Sneha,Clothing,10
2024-10-07,Vikram,Entertainment,24.98
2024-10-07,Vikram,Medical,10
2024-10-08,Aarav,Clothing,23.53
2024-10-08,Aarav,Transport,49.22
2024-10-08,Priya,Transport,40.25
2024-10-08,Priya,Medical,10
2024-10-08,Rohan,Entertainment,26.85
2024-10-08,Rohan,Utilities,17.91
2024-10-08,Rohan,Food,98.6
2024-10-08,Sneha,Medical,10
2024-10-08,Sneha,Food,115.46
2024-10-08,Sneha,Transport,29.87
2024-10-08,Vikram,Utilities,18.03
2024-10-09,Aarav,Transport,59.54
2024-10-09,Priya,Stationery,17.17
2024-10-09,Priya,Transport,52.25
2024-10-09,Priya,Utilities,15.3
2024-10-09,Rohan,Transport,32.23
2024-10-09,Rohan,Medical,10
2024-10-09,Sneha,Food,113.92
2024-10-09,Sneha,Utilities,23.17
2024-10-09,Vikram,Medical,10
2024-10-10,Aarav,Entertainment,33.99
2024-10-10,Aarav,Utilities,17.56
2024-10-10,Aarav,Clothing,15.22
2024-10-10,Priya,Stationery,16.16
2024-10-10,Priya,Medical,10
2024-10-10,Priya,Entertainment,30.5
2024-10-10,Rohan,Clothing,13.71
2024-10-10,Sneha,Stationery,19.12
2024-10-10,Vikram,Transport,15.78
2024-10-10,Vikram,Entertainment,18.32
2024-10-10,Vikram,Food,106.62
2024-10-11,Aarav,Stationery,19.05
2024-10-11,Priya,Stationery,13.17
2024-10-11,Rohan,Food,80.66
2024-10-11,Rohan,Utilities,16.32
2024-10-11,Sneha,Entertainment,21.32
2024-10-11,Sneha,Medical,10
2024-10-11,Vikram,Transport,38.26
2024-10-12,Aarav,Medical,10.94
2024-10-12,Aarav,Clothing,32.27
2024-10-12,Aarav,Utilities,19.03
2024-10-12,Priya,Transport,35.31
2024-10-12,Rohan,Medical,29.44
2024-10-12,Sneha,Transport,66.47
2024-10-12,Sneha,Medical,10
2024-10-12,Vikram,Utilities,15.29
2024-10-13,Aarav,Clothing,11.28
2024-10-13,Aarav,Stationery,24.21
2024-10-13,Priya,Stationery,13.42
2024-10-13,Priya,Clothing,44.65
2024-10-13,Rohan,Food,79.1
2024-10-13,Rohan,Medical,12.43
2024-10-13,Sneha,Stationery,19.41
2024-10-13,Vikram,Medical,11.88
2024-10-14,Aarav,Food,113.51
2024-10-14,Priya,Medical,25.54
2024-10-14,Priya,Entertainment,30.96
2024-10-14,Priya,Stationery,23.66
2024-10-14,Rohan,Utilities,11.81
2024-10-14,Rohan,Transport,40.06
2024-10-14,Sneha,Stationery,27.01
2024-10-14,Sneha,Clothing,19.34
2024-10-14,Sneha,Entertainment,21.62
2024-10-14,Vikram,Transport,40.36
2024-10-14,Vikram,Clothing,20.47
2024-10-15,Aarav,Medical,10
2024-10-15,Aarav,Food,154.53
2024-10-15,Aarav,Utilities,18.03
2024-10-15,Priya,Food,135.0
2024-10-15,Priya,Clothing,37.64
2024-10-15,Priya,Entertainment,31.01
2024-10-15,Rohan,Utilities,17.46
2024-10-15,Sneha,Stationery,14.53
2024-10-15,Sneha,Food,96.67
2024-10-15,Vikram,Entertainment,36.89
2024-10-15,Vikram,Medical,10.81
2024-10-15,Vikram,Clothing,21.25
2024-10-16,Aarav,Stationery,20.49
2024-10-16,Aarav,Utilities,22.74
2024-10-16,Aarav,Clothing,25.96
2024-10-16,Priya,Entertainment,35.51
2024-10-16,Priya,Transport,34.0
2024-10-16,Priya,Food,118.24
2024-10-16,Rohan,Clothing,41.85
2024-10-16,Rohan,Stationery,19.45
2024-10-16,Sneha,Entertainment,35.0
2024-10-16,Sneha,Clothing,10
2024-10-16,Vikram,Stationery,13.96
2024-10-17,Aarav,Clothing,34.17
2024-10-17,Aarav,Food,127.49
2024-10-17,Aarav,Medical,10
2024-10-17,Priya,Medical,10
2024-10-17,Rohan,Food,95.33
2024-10-17,Sneha,Utilities,16.67
2024-10-17,Sneha,Food,152.07
2024-10-17,Vikram,Transport,26.23
2024-10-18,Aarav,Utilities,17.92
2024-10-18,Aarav,Entertainment,27.61
2024-10-18,Aarav,Stationery,29.56
2024-10-18,Priya,Medical,10
2024-10-18,Priya,Food,132.33
2024-10-18,Priya,Transport,36.24
2024-10-18,Rohan,Utilities,20.48
2024-10-18,Sneha,Food,145.85
2024-10-18,Sneha,Stationery,21.94
2024-10-18,Vikram,Medical,14.22
2024-10-18,Vikram,Utilities,13.92
2024-10-19,Aarav,Clothing,42.83
2024-10-19,Priya,Medical,10
2024-10-19,Priya,Food,98.25
2024-10-19,Priya,Utilities,18.65
2024-10-19,Rohan,Stationery,22.09
2024-10-19,Sneha,Clothing,10
2024-10-19,Sneha,Utilities,20.14
2024-10-19,Sneha,Medical,15.24
2024-10-19,Vikram,Entertainment,27.9
2024-10-19,Vikram,Transport,25.32
2024-10-20,Aarav,Transport,58.73
2024-10-20,Aarav,Medical,10
2024-10-20,Priya,Stationery,17.49
2024-10-20,Priya,Transport,45.04
2024-10-20,Priya,Food,122.37
2024-10-20,Rohan,Clothing,22.58
2024-10-20,Rohan,Medical,10
2024-10-20,Rohan,Transport,40.8
2024-10-20,Sneha,Entertainment,27.19
2024-10-20,Sneha,Stationery,20.17
2024-10-20,Vikram,Transport,35.37
2024-10-21,Aarav,Entertainment,18.63
2024-10-21,Aarav,Utilities,15.52
2024-10-21,Priya,Food,111.3
2024-10-21,Rohan,Clothing,28.01
2024-10-21,Rohan,Stationery,25.15
2024-10-21,Rohan,Entertainment,27.33
2024-10-21,Sneha,Medical,21.77
2024-10-21,Vikram,Utilities,12.46
2024-10-22,Aarav,Transport,43.83
2024-10-22,Aarav,Medical,14.62
2024-10-22,Aarav,Entertainment,26.13
2024-10-22,Priya,Entertainment,31.32
2024-10-22,Rohan,Entertainment,23.35
2024-10-22,Rohan,Stationery,20.2
2024-10-22,Sneha,Transport,30.51
2024-10-22,Sneha,Medical,10
2024-10-22,Vikram,Entertainment,32.23
2024-10-23,Aarav,Stationery,22.65
2024-10-23,Aarav,Utilities,11.83
2024-10-23,Priya,Stationery,26.82
2024-10-23,Priya,Entertainment,33.27
2024-10-23,Rohan,Transport,21.84
2024-10-23,Rohan,Stationery,13.86
2024-10-23,Rohan,Medical,10
2024-10-23,Sneha,Stationery,32.84
2024-10-23,Sneha,Transport,34.19
2024-10-23,Vikram,Medical,10
2024-10-23,Vikram,Clothing,10
2024-10-24,Aarav,Stationery,13.45
2024-10-24,Priya,Stationery,26.47
2024-10-24,Priya,Food,128.82
2024-10-24,Rohan,Transport,37.24
2024-10-24,Rohan,Medical,20.59
2024-10-24,Rohan,Utilities,17.57
2024-10-24,Sneha,Transport,41.85
2024-10-24,Sneha,Entertainment,23.91
2024-10-24,Sneha,Stationery,25.13
2024-10-24,Vikram,Entertainment,14.54
2024-10-24,Vikram,Transport,40.73
2024-10-24,Vikram,Stationery,27.32
2024-10-25,Aarav,Entertainment,15.99
2024-10-25,Aarav,Clothing,29.0
2024-10-25,Aarav,Food,95.17
2024-10-25,Priya,Entertainment,21.58
2024-10-25,Priya,Utilities,17.46
2024-10-25,Priya,Food,98.4
2024-10-25,Rohan,Utilities,18.61
2024-10-25,Rohan,Medical,13.19
2024-10-25,Rohan,Food,110.51
2024-10-25,Sneha,Food,106.29
2024-10-25,Sneha,Utilities,19.59
2024-10-25,Sneha,Entertainment,25.12
2024-10-25,Vikram,Food,128.2
2024-10-25,Vikram,Clothing,28.82
2024-10-26,Aarav,Utilities,15.77
2024-10-26,Aarav,Clothing,14.62
2024-10-26,Aarav,Medical,10
2024-10-26,Priya,Utilities,19.31
2024-10-26,Priya,Medical,23.57
2024-10-26,Priya,Clothing,61.06
2024-10-26,Rohan,Food,72.53
2024-10-26,Rohan,Stationery,26.43
2024-10-26,Sneha,Clothing,30.2
2024-10-26,Vikram,Stationery,18.99
2024-10-26,Vikram,Entertainment,28.83
2024-10-27,Aarav,Entertainment,16.79
2024-10-27,Aarav,Food,88.07
2024-10-27,Priya,Food,128.37
2024-10-27,Priya,Stationery,27.57
2024-10-27,Rohan,Clothing,29.15
2024-10-27,Sneha,Medical,10
2024-10-27,Sneha,Food,105.92
2024-10-27,Vikram,Transport,31.51
2024-10-27,Vikram,Utilities,15.71
2024-10-27,Vikram,Clothing,10.05
2024-10-28,Aarav,Medical,13.31
2024-10-28,Aarav,Transport,45.7
2024-10-28,Priya,Food,143.63
2024-10-28,Priya,Medical,10
2024-10-28,Rohan,Entertainment,23.04
2024-10-28,Rohan,Clothing,20.79
2024-10-28,Rohan,Food,103.64
2024-10-28,Sneha,Clothing,45.03
2024-10-28,Sneha,Food,140.86
2024-10-28,Sneha,Utilities,17.81
2024-10-28,Vikram,Food,133.06
2024-10-28,Vikram,Stationery,17.23
2024-10-29,Aarav,Stationery,14.91
2024-10-29,Aarav,Utilities,13.27
2024-10-29,Aarav,Entertainment,19.53
2024-10-29,Priya,Stationery,13.21
2024-10-29,Priya,Entertainment,16.39
2024-10-29,Rohan,Clothing,10
2024-10-29,Rohan,Stationery,15.99
2024-10-29,Rohan,Utilities,15.72
2024-10-29,Sneha,Transport,46.81
2024-10-29,Vikram,Medical,10
2024-10-29,Vikram,Transport,39.29
2024-10-30,Aarav,Utilities,15.08
2024-10-30,Priya,Utilities,18.09
2024-10-30,Priya,Medical,10
2024-10-30,Priya,Transport,36.08
2024-10-30,Rohan,Transport,35.68
2024-10-30,Sneha,Clothing,36.75
2024-10-30,Vikram,Food,140.71
2024-10-30,Vikram,Entertainment,38.25
2024-10-31,Aarav,Utilities,13.4
2024-10-31,Aarav,Medical,14.19
2024-10-31,Aarav,Entertainment,24.43
2024-10-31,Priya,Food,95.68
2024-10-31,Rohan,Food,130.64
2024-10-31,Rohan,Transport,41.46
2024-10-31,Rohan,Stationery,17.9
2024-10-31,Sneha,Medical,21.27
2024-10-31,Sneha,Entertainment,15.82
2024-10-31,Sneha,Utilities,16.37
2024-10-31,Vikram,Clothing,29.0
2024-10-31,Vikram,Utilities,13.81
2024-11-01,Aarav,Clothing,20.09
2024-11-01,Priya,Food,92.0
2024-11-01,Priya,Medical,15.36
2024-11-01,Rohan,Clothing,10
2024-11-01,Rohan,Food,99.07
2024-11-01,Sneha,Entertainment,29.06
2024-11-01,Vikram,Clothing,26.8
2024-11-02,Aarav,Utilities,14.55
2024-11-02,Aarav,Medical,15.88
2024-11-02,Aarav,Stationery,14.74
2024-11-02,Priya,Transport,44.36
2024-11-02,Priya,Utilities,18.41
2024-11-02,Rohan,Clothing,34.88
2024-11-02,Sneha,Utilities,17.8
2024-11-02,Sneha,Clothing,41.52
2024-11-02,Vikram,Stationery,32.11
2024-11-02,Vikram,Utilities,15.95
2024-11-03,Aarav,Clothing,49.52
2024-11-03,Aarav,Food,150.81
2024-11-03,Aarav,Transport,35.93
2024-11-03,Priya,Stationery,21.75
2024-11-03,Rohan,Transport,36.14
2024-11-03,Sneha,Medical,10
2024-11-03,Vikram,Entertainment,32.32
2024-11-03,Vikram,Clothing,14.01
2024-11-03,Vikram,Transport,36.3
2024-11-04,Aarav,Entertainment,39.86
2024-11-04,Aarav,Clothing,34.17
2024-11-04,Priya,Entertainment,19.97
2024-11-04,Rohan,Entertainment,26.01
2024-11-04,Rohan,Clothing,22.9
2024-11-04,Sneha,Food,117.91
2024-11-04,Sneha,Medical,10
2024-11-04,Sneha,Entertainment,17.01
2024-11-04,Vikram,Clothing,14.2
2024-11-05,Aarav,Clothing,21.33
2024-11-05,Aarav,Transport,31.17
2024-11-05,Priya,Stationery,20.15
2024-11-05,Priya,Utilities,12.87
2024-11-05,Rohan,Clothing,15.23
2024-11-05,Rohan,Stationery,26.67
2024-11-05,Sneha,Food,95.75
2024-11-05,Vikram,Clothing,42.04
2024-11-05,Vikram,Entertainment,38.25
2024-11-05,Vikram,Food,115.98
2024-11-06,Aarav,Transport,40.13
2024-11-06,Aarav,Medical,21.61
2024-11-06,Priya,Transport,28.85
2024-11-06,Priya,Stationery,23.94
2024-11-06,Rohan,Stationery,22.62
2024-11-06,Sneha,Medical,10
2024-11-06,Sneha,Transport,45.18
2024-11-06,Sneha,Food,112.1
2024-11-06,Vikram,Food,102.79
2024-11-06,Vikram,Medical,17.59
2024-11-06,Vikram,Clothing,23.44
2024-11-07,Aarav,Utilities,17.42
2024-11-07,Priya,Food,146.52
2024-11-07,Rohan,Stationery,18.04
2024-11-07,Rohan,Food,95.27
2024-11-07,Rohan,Entertainment,27.14
2024-11-07,Sneha,Food,125.24
2024-11-07,Vikram,Stationery,25.61
2024-11-07,Vikram,Clothing,40.77
2024-11-08,Aarav,Medical,13.7
2024-11-08,Priya,Utilities,16.58
2024-11-08,Priya,Food,104.01
2024-11-08,Priya,Clothing,11.71
2024-11-08,Rohan,Transport,52.12
2024-11-08,Rohan,Medical,10
2024-11-08,Rohan,Clothing,14.61
2024-11-08,Sneha,Transport,42.48
2024-11-08,Vikram,Utilities,16.28
2024-11-09,Aarav,Stationery,15.38
2024-11-09,Aarav,Transport,40.2
2024-11-09,Priya,Utilities,21.46
2024-11-09,Rohan,Utilities,14.94
2024-11-09,Rohan,Medical,25.49
2024-11-09,Rohan,Clothing,48.81
2024-11-09,Sneha,Transport,43.25
2024-11-09,Sneha,Utilities,14.98
2024-11-09,Vikram,Stationery,17.99
2024-11-09,Vikram,Medical,23.41
2024-11-10,Aarav,Entertainment,32.65
2024-11-10,Priya,Food,89.82
2024-11-10,Priya,Transport,40.04
2024-11-10,Rohan,Food,143.49
2024-11-10,Rohan,Stationery,27.32
2024-11-10,Rohan,Medical,10
2024-11-10,Sneha,Transport,36.03
2024-11-10,Sneha,Entertainment,29.77
2024-11-10,Sneha,Food,117.45
2024-11-10,Vikram,Transport,61.54
2024-11-10,Vikram,Food,93.88
2024-11-11,Aarav,Utilities,13.95
2024-11-11,Aarav,Stationery,15.74
2024-11-11,Priya,Entertainment,16.92
2024-11-11,Priya,Medical,15.49
2024-11-11,Rohan,Utilities,17.84
2024-11-11,Rohan,Transport,42.03
2024-11-11,Rohan,Stationery,31.9
2024-11-11,Sneha,Utilities,12.37
2024-11-11,Vikram,Entertainment,16.16
2024-11-11,Vikram,Utilities,11.94
2024-11-12,Aarav,Medical,10
2024-11-12,Aarav,Food,85.97
2024-11-12,Aarav,Stationery,20.98
2024-11-12,Priya,Entertainment,24.3
2024-11-12,Rohan,Entertainment,24.53
2024-11-12,Sneha,Medical,10
2024-11-12,Sneha,Clothing,38.63
2024-11-12,Sneha,Transport,50.7
2024-11-12,Vikram,Food,139.95
2024-11-12,Vikram,Transport,36.46
2024-11-12,Vikram,Entertainment,29.41
2024-11-13,Aarav,Stationery,12.18
2024-11-13,Priya,Medical,11.02
2024-11-13,Rohan,Clothing,12.98
2024-11-13,Sneha,Stationery,21.4
2024-11-13,Vikram,Stationery,16.27
2024-11-14,Aarav,Utilities,12.68
2024-11-14,Aarav,Medical,10.19
2024-11-14,Aarav,Food,153.9
2024-11-14,Priya,Stationery,23.38
2024-11-14,Rohan,Stationery,21.55
2024-11-14,Sneha,Medical,10
2024-11-14,Sneha,Food,116.58
2024-11-14,Sneha,Transport,39.28
2024-11-14,Vikram,Transport,49.12
2024-11-15,Aarav,Transport,42.71
2024-11-15,Priya,Utilities,18.39
2024-11-15,Rohan,Entertainment,14.21
2024-11-15,Rohan,Transport,40.24
2024-11-15,Rohan,Stationery,31.12
2024-11-15,Sneha,Stationery,17.73
2024-11-15,Sneha,Food,112.28
2024-11-15,Vikram,Food,135.57
2024-11-15,Vikram,Transport,13.4
2024-11-15,Vikram,Medical,12.42
2024-11-16,Aarav,Clothing,21.9
2024-11-16,Aarav,Stationery,20.64
2024-11-16,Priya,Utilities,13.82
2024-11-16,Rohan,Food,124.52
2024-11-16,Rohan,Stationery,26.13
2024-11-16,Sneha,Medical,10.3
2024-11-16,Sneha,Utilities,19.86
2024-11-16,Vikram,Clothing,21.49
2024-11-16,Vikram,Transport,27.5
2024-11-17,Aarav,Transport,50.26
2024-11-17,Priya,Utilities,16.8
2024-11-17,Rohan,Medical,21.74
2024-11-17,Rohan,Clothing,10
2024-11-17,Sneha,Clothing,10
2024-11-17,Vikram,Stationery,11.88
2024-11-17,Vikram,Food,102.17
2024-11-17,Vikram,Transport,38.63
2024-11-18,Aarav,Food,114.56
2024-11-18,Aarav,Transport,35.71
2024-11-18,Priya,Clothing,10
2024-11-18,Rohan,Entertainment,25.06
2024-11-18,Rohan,Medical,12.57
2024-11-18,Sneha,Medical,11.52
2024-11-18,Vikram,Food,97.21
2024-11-18,Vikram,Utilities,15.19
2024-11-19,Aarav,Transport,34.95
2024-11-19,Priya,Medical,22.56
2024-11-19,Priya,Clothing,16.58
2024-11-19,Rohan,Food,136.16
2024-11-19,Sneha,Transport,42.48
2024-11-19,Vikram,Food,90.62
2024-11-20,Aarav,Entertainment,18.35
2024-11-20,Priya,Stationery,21.08
2024-11-20,Priya,Transport,37.19
2024-11-20,Priya,Entertainment,32.77
2024-11-20,Rohan,Food,133.36
2024-11-20,Sneha,Medical,18.49
2024-11-20,Sneha,Utilities,18.1
2024-11-20,Sneha,Food,155.13
2024-11-20,Vikram,Food,103.96
2024-11-21,Aarav,Utilities,10
2024-11-21,Aarav,Food,109.81
2024-11-21,Priya,Food,102.74
2024-11-21,Rohan,Clothing,10
2024-11-21,Rohan,Entertainment,23.04
2024-11-21,Sneha,Entertainment,38.54
2024-11-21,Vikram,Food,137.9
2024-11-22,Aarav,Clothing,25.16
2024-11-22,Priya,Clothing,14.06
2024-11-22,Rohan,Stationery,15.09
2024-11-22,Rohan,Medical,10
2024-11-22,Sneha,Utilities,17.87
2024-11-22,Sneha,Stationery,20.25
2024-11-22,Sneha,Food,134.38
2024-11-22,Vikram,Food,104.22
2024-11-23,Aarav,Food,122.69
2024-11-23,Aarav,Clothing,21.81
2024-11-23,Priya,Entertainment,18.48
2024-11-23,Priya,Medical,10.16
2024-11-23,Priya,Clothing,12.17
2024-11-23,Rohan,Stationery,22.08
2024-11-23,Sneha,Entertainment,37.97
2024-11-23,Sneha,Transport,43.0
2024-11-23,Vikram,Medical,10
2024-11-24,Aarav,Entertainment,34.91
2024-11-24,Aarav,Food,114.65
2024-11-24,Aarav,Medical,13.56
2024-11-24,Priya,Medical,16.1
2024-11-24,Rohan,Clothing,12.54
2024-11-24,Rohan,Utilities,22.47
2024-11-24,Rohan,Food,114.34
2024-11-24,Sneha,Entertainment,28.17
2024-11-24,Sneha,Utilities,13.67
2024-11-24,Vikram,Utilities,16.57
2024-11-24,Vikram,Stationery,21.14
2024-11-24,Vikram,Entertainment,25.0
2024-11-25,Aarav,Food,113.87
2024-11-25,Aarav,Entertainment,12.69
2024-11-25,Priya,Transport,36.86
2024-11-25,Rohan,Transport,35.65
2024-11-25,Sneha,Food,103.54
2024-11-25,Sneha,Transport,50.18
2024-11-25,Sneha,Utilities,11.77
2024-11-25,Vikram,Clothing,31.33
2024-11-25,Vikram,Transport,51.98
2024-11-26,Aarav,Medical,20.19
2024-11-26,Aarav,Stationery,21.37
2024-11-26,Aarav,Utilities,20.73
2024-11-26,Priya,Transport,35.83
2024-11-26,Priya,Entertainment,23.16
2024-11-26,Priya,Utilities,20.27
2024-11-26,Rohan,Food,118.2
2024-11-26,Sneha,Entertainment,32.49
2024-11-26,Sneha,Food,128.34
2024-11-26,Sneha,Stationery,18.35
2024-11-26,Vikram,Stationery,17.69
2024-11-27,Aarav,Food,72.81
2024-11-27,Aarav,Clothing,35.82
2024-11-27,Priya,Clothing,40.0
2024-11-27,Rohan,Clothing,10.8
2024-11-27,Sneha,Stationery,19.22
2024-11-27,Vikram,Medical,14.55
2024-11-27,Vikram,Entertainment,30.86
2024-11-27,Vikram,Utilities,17.94
2024-11-28,Aarav,Clothing,29.24
2024-11-28,Aarav,Medical,19.36
2024-11-28,Priya,Medical,10
2024-11-28,Rohan,Medical,11.49
2024-11-28,Rohan,Utilities,21.05
2024-11-28,Rohan,Stationery,21.93
2024-11-28,Sneha,Stationery,23.82
2024-11-28,Sneha,Transport,36.77
2024-11-28,Sneha,Medical,10
2024-11-28,Vikram,Entertainment,29.69
2024-11-28,Vikram,Utilities,19.32
2024-11-28,Vikram,Food,126.6
2024-11-29,Aarav,Utilities,12.39
2024-11-29,Aarav,Food,137.65
2024-11-29,Aarav,Entertainment,37.32
2024-11-29,Priya,Stationery,23.01
2024-11-29,Rohan,Clothing,22.44
2024-11-29,Sneha,Medical,10
2024-11-29,Sneha,Clothing,26.78
2024-11-29,Sneha,Stationery,20.01
2024-11-29,Vikram,Clothing,28.33
2024-11-29,Vikram,Food,115.51
2024-11-30,Aarav,Medical,10
2024-11-30,Aarav,Entertainment,43.66
2024-11-30,Priya,Entertainment,23.33
2024-11-30,Priya,Stationery,17.78
2024-11-30,Rohan,Clothing,21.57
2024-11-30,Rohan,Utilities,13.7
2024-11-30,Sneha,Entertainment,16.34
2024-11-30,Vikram,Clothing,29.64
2024-12-01,Aarav,Stationery,16.55
2024-12-01,Aarav,Food,127.58
2024-12-01,Priya,Transport,42.74
2024-12-01,Priya,Medical,24.17
2024-12-01,Rohan,Stationery,25.41
2024-12-01,Sneha,Utilities,12.26
2024-12-01,Sneha,Entertainment,31.74
2024-12-01,Sneha,Food,99.99
2024-12-01,Vikram,Food,103.34
2024-12-02,Aarav,Transport,29.3
2024-12-02,Aarav,Clothing,32.48
2024-12-02,Priya,Utilities,16.23
2024-12-02,Priya,Stationery,22.15
2024-12-02,Priya,Medical,10
2024-12-02,Rohan,Transport,47.87
2024-12-02,Rohan,Food,103.12
2024-12-02,Sneha,Clothing,34.14
2024-12-02,Sneha,Medical,10
2024-12-02,Vikram,Food,100.48
2024-12-03,Aarav,Transport,22.25
2024-12-03,Priya,Clothing,10
2024-12-03,Priya,Food,109.45
2024-12-03,Rohan,Medical,16.26
2024-12-03,Rohan,Stationery,25.27
2024-12-03,Sneha,Stationery,23.4
2024-12-03,Vikram,Stationery,16.32
2024-12-03,Vikram,Transport,42.61
2024-12-04,Aarav,Stationery,23.35
2024-12-04,Aarav,Transport,28.99
2024-12-04,Priya,Clothing,21.35
2024-12-04,Rohan,Stationery,17.87
2024-12-04,Rohan,Utilities,21.04
2024-12-04,Rohan,Entertainment,24.63
2024-12-04,Sneha,Food,95.07
2024-12-04,Sneha,Entertainment,31.72
2024-12-04,Sneha,Utilities,19.2
2024-12-04,Vikram,Entertainment,19.65
2024-12-05,Aarav,Food,142.6
2024-12-05,Aarav,Entertainment,19.1
2024-12-05,Priya,Utilities,14.63
2024-12-05,Priya,Clothing,10
2024-12-05,Priya,Medical,18.16
2024-12-05,Rohan,Transport,51.54
2024-12-05,Sneha,Clothing,24.72
2024-12-05,Vikram,Medical,11.84
2024-12-06,Aarav,Transport,48.05
2024-12-06,Aarav,Medical,17.18
2024-12-06,Priya,Medical,17.26
2024-12-06,Priya,Food,129.93
2024-12-06,Rohan,Stationery,10.18
2024-12-06,Rohan,Clothing,30.38
2024-12-06,Rohan,Utilities,17.73
2024-12-06,Sneha,Clothing,10
2024-12-06,Sneha,Entertainment,22.61
2024-12-06,Sneha,Food,122.47
2024-12-06,Vikram,Utilities,15.25
2024-12-06,Vikram,Food,113.13
2024-12-06,Vikram,Medical,10
2024-12-07,Aarav,Entertainment,36.72
2024-12-07,Aarav,Stationery,15.72
2024-12-07,Priya,Entertainment,33.11
2024-12-07,Priya,Food,114.89
2024-12-07,Priya,Transport,45.5
2024-12-07,Rohan,Medical,23.58
2024-12-07,Rohan,Clothing,30.09
2024-12-07,Rohan,Entertainment,23.66
2024-12-07,Sneha,Entertainment,32.02
2024-12-07,Sneha,Stationery,29.15
2024-12-07,Sneha,Medical,11.56
2024-12-07,Vikram,Stationery,25.44
2024-12-07,Vikram,Clothing,10
2024-12-08,Aarav,Food,106.37
2024-12-08,Aarav,Transport,55.68
2024-12-08,Aarav,Medical,10.88
2024-12-08,Priya,Entertainment,19.42
2024-12-08,Priya,Utilities,17.54
2024-12-08,Priya,Food,129.42
2024-12-08,Rohan,Medical,10.8
2024-12-08,Rohan,Entertainment,10
2024-12-08,Sneha,Utilities,16.98
2024-12-08,Vikram,Utilities,15.48
2024-12-08,Vikram,Entertainment,28.6
2024-12-08,Vikram,Transport,28.03
2024-12-09,Aarav,Food,126.14
2024-12-09,Aarav,Transport,35.27
2024-12-09,Aarav,Medical,11.62
2024-12-09,Priya,Stationery,20.46
2024-12-09,Rohan,Transport,45.29
2024-12-09,Rohan,Stationery,14.69
2024-12-09,Rohan,Medical,10
2024-12-09,Sneha,Transport,36.13
2024-12-09,Vikram,Entertainment,10
2024-12-09,Vikram,Utilities,19.48
2024-12-10,Aarav,Utilities,15.5
2024-12-10,Aarav,Clothing,29.79
2024-12-10,Priya,Medical,11.33
2024-12-10,Priya,Clothing,25.03
2024-12-10,Rohan,Transport,50.56
2024-12-10,Sneha,Clothing,10
2024-12-10,Vikram,Medical,10.71
2024-12-11,Aarav,Entertainment,32.27
2024-12-11,Aarav,Utilities,22.41
2024-12-11,Aarav,Food,77.38
2024-12-11,Priya,Food,100.37
2024-12-11,Priya,Entertainment,17.64
2024-12-11,Priya,Transport,47.62
2024-12-11,Rohan,Medical,10.27
2024-12-11,Rohan,Clothing,14.6
2024-12-11,Sneha,Clothing,12.39
2024-12-11,Sneha,Stationery,16.61
2024-12-11,Vikram,Medical,11.19
2024-12-11,Vikram,Utilities,18.18
2024-12-12,Aarav,Food,98.7
2024-12-12,Priya,Medical,10
2024-12-12,Priya,Stationery,14.52
2024-12-12,Priya,Utilities,16.19
2024-12-12,Rohan,Stationery,22.28
2024-12-12,Sneha,Medical,13.34
2024-12-12,Sneha,Stationery,17.03
2024-12-12,Vikram,Medical,16.68
2024-12-12,Vikram,Stationery,26.89
2024-12-12,Vikram,Transport,54.62
2024-12-13,Aarav,Entertainment,17.78
2024-12-13,Aarav,Medical,10
2024-12-13,Aarav,Stationery,12.75
2024-12-13,Priya,Entertainment,33.74
2024-12-13,Priya,Stationery,17.19
2024-12-13,Priya,Medical,10
2024-12-13,Rohan,Clothing,10
2024-12-13,Rohan,Transport,38.96
2024-12-13,Rohan,Stationery,16.49
2024-12-13,Sneha,Medical,10
2024-12-13,Sneha,Entertainment,25.93
2024-12-13,Sneha,Stationery,25.51
2024-12-13,Vikram,Stationery,11.39
2024-12-14,Aarav,Entertainment,31.14
2024-12-14,Priya,Clothing,30.76
2024-12-14,Priya,Transport,35.99
2024-12-14,Priya,Stationery,17.08
2024-12-14,Rohan,Medical,14.81
2024-12-14,Sneha,Stationery,16.23
2024-12-14,Sneha,Clothing,10.55
2024-12-14,Vikram,Entertainment,21.9
2024-12-15,Aarav,Clothing,11.66
2024-12-15,Priya,Food,96.96
2024-12-15,Priya,Entertainment,10
2024-12-15,Priya,Transport,39.94
2024-12-15,Rohan,Utilities,10.9
2024-12-15,Rohan,Stationery,25.25
2024-12-15,Sneha,Transport,49.15
2024-12-15,Vikram,Entertainment,26.3
2024-12-15,Vikram,Transport,44.09
2024-12-15,Vikram,Stationery,17.6
2024-12-16,Aarav,Entertainment,14.52
2024-12-16,Priya,Medical,27.0
2024-12-16,Priya,Food,132.65
2024-12-16,Rohan,Utilities,16.75
2024-12-16,Sneha,Entertainment,29.85
2024-12-16,Vikram,Utilities,11.01
2024-12-17,Aarav,Medical,10
2024-12-17,Aarav,Entertainment,38.99
2024-12-17,Priya,Food,85.0
2024-12-17,Priya,Clothing,18.78
2024-12-17,Rohan,Stationery,20.26
2024-12-17,Sneha,Medical,10
2024-12-17,Vikram,Medical,10
2024-12-18,Aarav,Stationery,16.44
2024-12-18,Aarav,Transport,49.45
2024-12-18,Priya,Transport,47.12
2024-12-18,Priya,Food,124.2
2024-12-18,Rohan,Entertainment,20.4
2024-12-18,Rohan,Medical,10
2024-12-18,Sneha,Medical,10
2024-12-18,Sneha,Transport,28.16
2024-12-18,Vikram,Clothing,47.3
2024-12-18,Vikram,Transport,51.11
2024-12-19,Aarav,Food,154.16
2024-12-19,Aarav,Transport,44.65
2024-12-19,Priya,Medical,29.05
2024-12-19,Rohan,Utilities,14.96
2024-12-19,Sneha,Medical,10
2024-12-19,Sneha,Food,127.64
2024-12-19,Sneha,Entertainment,22.18
2024-12-19,Vikram,Utilities,21.57
2024-12-19,Vikram,Food,115.68
2024-12-19,Vikram,Clothing,21.82
2024-12-20,Aarav,Food,113.38
2024-12-20,Aarav,Entertainment,19.01
2024-12-20,Aarav,Medical,15.74
2024-12-20,Priya,Medical,12.8
2024-12-20,Priya,Transport,54.62
2024-12-20,Rohan,Stationery,17.97
2024-12-20,Sneha,Stationery,21.1
2024-12-20,Sneha,Utilities,15.61
2024-12-20,Sneha,Medical,10
2024-12-20,Vikram,Utilities,16.34
2024-12-21,Aarav,Clothing,16.79
2024-12-21,Priya,Entertainment,28.43
2024-12-21,Rohan,Clothing,31.78
2024-12-21,Rohan,Utilities,19.76
2024-12-21,Sneha,Stationery,19.21
2024-12-21,Sneha,Transport,51.36
2024-12-21,Vikram,Medical,11.91
2024-12-22,Aarav,Stationery,27.46
2024-12-22,Aarav,Transport,40.26
2024-12-22,Priya,Clothing,10
2024-12-22,Rohan,Clothing,16.34
2024-12-22,Sneha,Food,140.43
2024-12-22,Sneha,Medical,10
2024-12-22,Sneha,Clothing,10
2024-12-22,Vikram,Entertainment,32.82
2024-12-22,Vikram,Food,126.7
2024-12-23,Aarav,Clothing,28.18
2024-12-23,Priya,Stationery,16.86
2024-12-23,Priya,Medical,20.08
2024-12-23,Rohan,Clothing,23.54
2024-12-23,Sneha,Medical,10
2024-12-23,Vikram,Transport,59.64
2024-12-23,Vikram,Stationery,12.34
2024-12-23,Vikram,Medical,10
2024-12-24,Aarav,Clothing,44.86
2024-12-24,Aarav,Stationery,22.07
2024-12-24,Priya,Stationery,24.62
2024-12-24,Priya,Entertainment,23.16
2024-12-24,Rohan,Medical,10
2024-12-24,Rohan,Transport,51.7
2024-12-24,Sneha,Clothing,36.75
2024-12-24,Vikram,Food,93.57
2024-12-25,Aarav,Medical,14.49
2024-12-25,Aarav,Entertainment,15.58
2024-12-25,Aarav,Transport,28.81
2024-12-25,Priya,Food,93.65
2024-12-25,Priya,Medical,10.82
2024-12-25,Priya,Transport,48.2
2024-12-25,Rohan,Stationery,16.5
2024-12-25,Sneha,Stationery,20.72
2024-12-25,Sneha,Food,90.6
2024-12-25,Sneha,Utilities,10
2024-12-25,Vikram,Clothing,10
2024-12-25,Vikram,Stationery,12.32
2024-12-25,Vikram,Utilities,15.92
2024-12-26,Aarav,Entertainment,23.35
2024-12-26,Priya,Medical,10
2024-12-26,Priya,Clothing,18.56
2024-12-26,Rohan,Utilities,15.2
2024-12-26,Rohan,Food,109.41
2024-12-26,Rohan,Medical,10
2024-12-26,Sneha,Clothing,26.92
2024-12-26,Sneha,Entertainment,24.26
2024-12-26,Vikram,Stationery,18.04
2024-12-26,Vikram,Transport,47.05
2024-12-27,Aarav,Transport,33.99
2024-12-27,Aarav,Utilities,18.06
2024-12-27,Aarav,Entertainment,12.18
2024-12-27,Priya,Food,125.81
2024-12-27,Priya,Entertainment,22.71
2024-12-27,Rohan,Medical,11.09
2024-12-27,Rohan,Clothing,36.8
2024-12-27,Sneha,Utilities,17.04
2024-12-27,Vikram,Food,144.4
2024-12-27,Vikram,Clothing,18.98
2024-12-27,Vikram,Utilities,19.97
2024-12-28,Aarav,Medical,10
2024-12-28,Aarav,Entertainment,24.85
2024-12-28,Aarav,Stationery,21.26
2024-12-28,Priya,Clothing,10
2024-12-28,Rohan,Utilities,17.87
2024-12-28,Rohan,Entertainment,25.8
2024-12-28,Rohan,Stationery,17.6
2024-12-28,Sneha,Transport,31.3
2024-12-28,Sneha,Food,139.05
2024-12-28,Sneha,Stationery,21.94
2024-12-28,Vikram,Medical,10
2024-12-28,Vikram,Food,128.15
2024-12-29,Aarav,Clothing,25.6
2024-12-29,Priya,Medical,17.17
2024-12-29,Priya,Clothing,34.74
2024-12-29,Priya,Entertainment,34.02
2024-12-29,Rohan,Transport,61.32
2024-12-29,Rohan,Entertainment,29.11
2024-12-29,Sneha,Food,105.06
2024-12-29,Sneha,Entertainment,37.97
2024-12-29,Vikram,Utilities,18.03
2024-12-29,Vikram,Food,90.94
2024-12-29,Vikram,Entertainment,29.61
2024-12-30,Aarav,Transport,36.9
2024-12-30,Aarav,Entertainment,26.17
2024-12-30,Aarav,Food,151.77
2024-12-30,Priya,Utilities,14.15
2024-12-30,Priya,Transport,37.79
2024-12-30,Rohan,Food,105.13
2024-12-30,Sneha,Medical,10
2024-12-30,Sneha,Utilities,14.85
2024-12-30,Vikram,Entertainment,38.87
2024-12-30,Vikram,Utilities,13.82
2024-12-31,Aarav,Entertainment,35.66
2024-12-31,Aarav,Stationery,18.99
2024-12-31,Priya,Transport,26.76
2024-12-31,Rohan,Utilities,19.36
2024-12-31,Rohan,Stationery,25.05
2024-12-31,Rohan,Clothing,10
2024-12-31,Sneha,Medical,12.64
2024-12-31,Sneha,Transport,55.33
2024-12-31,Sneha,Clothing,11.68
2024-12-31,Vikram,Medical,10
